District Name,City,County Name
21st Century Cyber Cs,Exton,Chester
A W Beattie Career Center,Allison Park,Allegheny
Abington Heights School District,Clarks Summit,Lackawanna
Abington School District,Abington,Montgomery
Achievement House Cs,Exton,Chester
Act Academy Cyber Cs,Philadelphia,Philadelphia
Ad Prima Cs,Philadelphia,Philadelphia
Admiral Peary Avts School District,Ebensburg,Cambria
Agora Cyber Cs,Wayne,Chester
Albert Gallatin Area School District,Uniontown,Fayette
Aliquippa School District,Aliquippa,Beaver
Allegheny Valley School District,Cheswick,Allegheny
Allegheny-Clarion Valley School District,Foxburg,Clarion
Allentown City School District,Allentown,Lehigh
Alliance For Progress Cs,Philadelphia,Philadelphia
Altoona Area School District,Altoona,Blair
Ambridge Area School District,Ambridge,Beaver
Annville-Cleona School District,Annville,Lebanon
Antietam School District,Reading,Berks
Antonia Pantoja Community Charter School,Philadelphia,Philadelphia
Apollo-Ridge School District,Spring Church,Armstrong
Arise Academy Charter High School,Philadelphia,Philadelphia
Armstrong School District,Kittanning,Armstrong
Arts Academy Cs,Allentown,Lehigh
Aspira Bilingual Cyber Charter School,Philadelphia,Philadelphia
Athens Area School District,Athens,Bradford
Austin Area School District,Austin,Potter
Avella Area School District,Avella,Washington
Avon Grove School District,West Grove,Chester
Avonworth School District,Pittsburgh,Allegheny
Baden Academy Cs,Baden,Beaver
Bald Eagle Area School District,Wingate,Centre
Baldwin-Whitehall School District,Pittsburgh,Allegheny
Bangor Area School District,Bangor,Northampton
Bear Creek Community Cs,Wilkes-Barre,Luzerne
Beaver Area Academic Cs,Beaver,Beaver
Beaver Area School District,Beaver,Beaver
Beaver County Career And Technical Center,Monaca,Beaver
Bedford Area School District,Bedford,Bedford
Bedford County Technical Center,Everett,Bedford
Belle Vernon Area School District,Belle Vernon,Westmoreland
Bellefonte Area School District,Bellefonte,Centre
Bellwood-Antis School District,Bellwood,Blair
Belmont Academy Charter School,Philadelphia,Philadelphia
Belmont Charter School,Philadelphia,Philadelphia
Bensalem Township School District,Bensalem,Bucks
Benton Area School District,Benton,Columbia
Bentworth School District,Bentleyville,Washington
Berks Career And Technical Center,Leesport,Berks
Berlin Brothersvalley School District,Berlin,Somerset
Bermudian Springs School District,York Springs,Adams
Berwick Area School District,Berwick,Luzerne
Bethel Park School District,Bethel Park,Allegheny
Bethlehem Area School District,Bethlehem,Northampton
Bethlehem Avts School District,Bethlehem,Northampton
Bethlehem-Center School District,Fredericktown,Washington
Big Beaver Falls Area School District,Beaver Falls,Beaver
Big Spring School District,Newville,Cumberland
Birney Preparatory Academy,Philadelphia,Philadelphia
Blackhawk School District,Beaver Falls,Beaver
Blacklick Valley School District,Nanty Glo,Cambria
Blairsville-Saltsburg School District,Blairsville,Indiana
Bloomsburg Area School District,Bloomsburg,Columbia
Blue Mountain School District,Orwigsburg,Schuylkill
Blue Ridge School District,New Milford,Susquehanna
Boyertown Area School District,Boyertown,Berks
Boys Latin Of Philadelphia Cs,Philadelphia,Philadelphia
Bradford Area School District,Bradford,Mckean
Brandywine Heights Area School District,Topton,Berks
Brentwood Borough School District,Pittsburgh,Allegheny
Bristol Borough School District,Bristol,Bucks
Bristol Township School District,Levittown,Bucks
Brockway Area School District,Brockway,Jefferson
Brookville Area School District,Brookville,Jefferson
Brownsville Area School District,Brownsville,Fayette
Bucks County Montessori Cs,Fairless Hills,Bucks
Bucks County Technical High School,Fairless Hills,Bucks
Burgettstown Area School District,Burgettstown,Washington
Burrell School District,Lower Burrell,Westmoreland
Butler Area School District,Butler,Butler
Butler County Avts School District,Butler,Butler
California Area School District,Coal Center,Washington
Cambria Heights School District,Patton,Cambria
Cameron County School District,Emporium,Cameron
Camp Hill School District,Camp Hill,Cumberland
Canon-Mcmillan School District,Canonsburg,Washington
Canton Area School District,Canton,Bradford
Capital Area School For The Arts Charter School,Harrisburg,Dauphin
Carbon Career & Technical Institute School District,Jim Thorpe,Carbon
Carbondale Area School District,Carbondale,Lackawanna
Career And Technical Center Of Lackawanna County,Scranton,Lackawanna
Career Connections Chs,Pittsburgh,Allegheny
Career Institute Of Technology School District,Easton,Northampton
Carlisle Area School District,Carlisle,Cumberland
Carlynton School District,Carnegie,Allegheny
Carmichaels Area School District,Carmichaels,Greene
Catasauqua Area School District,Catasauqua,Lehigh
Centennial School District,Warminster,Bucks
Center For Student Learning Cs At Pennsbury,Levittown,Bucks
Central Bucks School District,Doylestown,Bucks
Central Cambria School District,Ebensburg,Cambria
Central Columbia School District,Bloomsburg,Columbia
Central Dauphin School District,Harrisburg,Dauphin
Central Fulton School District,Mcconnellsburg,Fulton
Central Greene School District,Waynesburg,Greene
Central Montco Technical High School,Plymouth Meeting,Montgomery
Central Pa Institute Of Science & Technology School District,Pleasant Gap,Centre
Central Valley School District,Monaca,Beaver
Central Westmoreland Career And Technical Center,New Stanton,Westmoreland
Central York School District,York,York
Centre Learning Community Cs,State College,Centre
Chambersburg Area School District,Chambersburg,Franklin
Charleroi School District,Charleroi,Washington
Charter High School For Architecture And Design,Philadelphia,Philadelphia
Chartiers Valley School District,Pittsburgh,Allegheny
Chartiers-Houston School District,Houston,Washington
Cheltenham Township School District,Elkins Park,Montgomery
Chester Community Cs,Chester,Delaware
Chester County Family Academy Cs,West Chester,Chester
Chester County Technical College High School,Downingtown,Chester
Chester Cs For The Arts School District,Aston,Delaware
Chester-Upland School District,Chester,Delaware
Chestnut Ridge School District,Fishertown,Bedford
Chichester School District,Aston,Delaware
Christopher Columbus Cs,Philadelphia,Philadelphia
Circle Of Seasons Charter School,Fogelsville,Lehigh
City Chs,Pittsburgh,Allegheny
Clairton City School District,Clairton,Allegheny
Clarion Area School District,Clarion,Clarion
Clarion County Career Center,Shippenville,Clarion
Clarion-Limestone Area School District,Strattanville,Clarion
Claysburg-Kimmel School District,Claysburg,Blair
Clearfield Area School District,Clearfield,Clearfield
Clearfield County Career And Technical Center,Clearfield,Clearfield
Coatesville Area School District,Coatesville,Chester
Cocalico School District,Denver,Lancaster
Collegium Cs,Exton,Chester
Colonial School District,Plymouth Meeting,Montgomery
Columbia Borough School District,Columbia,Lancaster
Columbia-Montour Avts School District,Bloomsburg,Columbia
Commodore Perry School District,Hadley,Mercer
Commonwealth Connections Academy Cs,Harrisburg,Dauphin
Community Academy Of Philadelphia Cs,Philadelphia,Philadelphia
Conemaugh Township Area School District,Davidsville,Somerset
Conemaugh Valley School District,Johnstown,Cambria
Conestoga Valley School District,Lancaster,Lancaster
Conewago Valley School District,New Oxford,Adams
Conneaut School District,Linesville,Crawford
Connellsville Area Career & Technical Center,Connellsville,Fayette
Connellsville Area School District,Connellsville,Fayette
Conrad Weiser Area School District,Robesonia,Berks
Cornell School District,Coraopolis,Allegheny
Cornwall-Lebanon School District,Lebanon,Lebanon
Corry Area School District,Corry,Erie
Coudersport Area School District,Coudersport,Potter
Council Rock School District,Newtown,Bucks
Cranberry Area School District,Seneca,Venango
Crawford Central School District,Meadville,Crawford
Crawford County Career And Technical Center,Meadville,Crawford
Cresson Secure Treatment Unit School District,Cresson,Cambria
Crestwood School District,Mountain Top,Luzerne
Crispus Attucks Youthbuild Cs,York,York
Cumberland Perry Avts School District,Mechanicsburg,Cumberland
Cumberland Valley School District,Mechanicsburg,Cumberland
Curwensville Area School District,Curwensville,Clearfield
Dallas School District,Dallas,Luzerne
Dallastown Area School District,Dallastown,York
Daniel Boone Area School District,Birdsboro,Berks
Danville Area School District,Danville,Montour
Danville Ctr Adolescent Female,Danville,Montour
Dauphin County Technical School,Harrisburg,Dauphin
Deer Lakes School District,Cheswick,Allegheny
Delaware County Technical High School,Folcroft,Delaware
Delaware Valley Chs,Philadelphia,Philadelphia
Delaware Valley School District,Milford,Pike
Derry Area School District,Derry,Westmoreland
Derry Township School District,Hershey,Dauphin
Discovery Charter School,Philadelphia,Philadelphia
Donegal School District,Mount Joy,Lancaster
Dover Area School District,Dover,York
Downingtown Area School District,Downingtown,Chester
Dr Robert Ketterer Cs Inc.,Latrobe,Westmoreland
Dubois Area School District,Dubois,Clearfield
Dunmore School District,Dunmore,Lackawanna
Duquesne City School District,Duquesne,Allegheny
East Allegheny School District,North Versailles,Allegheny
East Lycoming School District,Hughesville,Lycoming
East Penn School District,Emmaus,Lehigh
East Pennsboro Area School District,Enola,Cumberland
East Stroudsburg Area School District,East Stroudsburg,Monroe
Eastern Center For Arts & Technology,Willow Grove,Montgomery
Eastern Lancaster County School District,New Holland,Lancaster
Eastern Lebanon County School District,Myerstown,Lebanon
Eastern University Academy Charter School,Philadelphia,Philadelphia
Eastern Westmoreland Career And Technical Center,Latrobe,Westmoreland
Eastern York School District,Wrightsville,York
Easton Area School District,Easton,Northampton
Education Plus Academy Cyber Cs,Wayne,Chester
Elizabeth Forward School District,Elizabeth,Allegheny
Elizabethtown Area School District,Elizabethtown,Lancaster
Elk Lake School District,Dimcok,Susquehanna
Ellwood City Area School District,Ellwood City,Lawrence
Environmental Charter School At Frick Park,Pittsburgh,Allegheny
Ephrata Area School District,Ephrata,Lancaster
Erie City School District,Erie,Erie
Erie County Technical School,Erie,Erie
Erie Rise Leadership Academy Charter School,Erie,Erie
Esperanza Academy Charter High School,Philadelphia,Philadelphia
Esperanza Cyber Cs,Philadelphia,Philadelphia
Eugenio Maria De Hostos Cs,Philadelphia,Philadelphia
Everett Area School District,Everett,Bedford
Evergreen Community Cs,Cresco,Monroe
Exeter Township School District,Reading,Berks
Fairfield Area School District,Fairfield,Adams
Fairview School District,Fairview,Erie
Fannett-Metal School District,Willow Hill,Franklin
Farrell Area School District,Farrell,Mercer
Fayette County Career & Technical Institute School District,Uniontown,Fayette
Fell Cs,Simpson,Lackawanna
Ferndale Area School District,Johnstown,Cambria
First Philadelphia Preparatory Charter School,Philadelphia,Philadelphia
Fleetwood Area School District,Fleetwood,Berks
Folk Arts-Cultural Treasures Cs,Philadelphia,Philadelphia
Forbes Road Career And Technical Center,Monroeville,Allegheny
Forbes Road School District,Waterfall,Fulton
Forest Area School District,Tionesta,Forest
Forest City Regional School District,Forest City,Susquehanna
Forest Hills School District,Sidman,Cambria
Fort Cherry School District,Mc Donald,Washington
Fort Leboeuf School District,Waterford,Erie
Fox Chapel Area School District,Pittsburgh,Allegheny
Franklin Area School District,Franklin,Venango
Franklin County Career And Technical Center,Chambersburg,Franklin
Franklin Regional School District,Murrysville,Westmoreland
Franklin Towne Charter Elementary School,Philadelphia,Philadelphia
Franklin Towne Chs,Philadelphia,Philadelphia
Frazier School District,Perryopolis,Fayette
Freedom Area School District,Freedom,Beaver
Freeport Area School District,Sarver,Butler
Freire Cs,Philadelphia,Philadelphia
Fulton County Avts School District,Mcconnellsburg,Fulton
Galeton Area School District,Galeton,Potter
Garnet Valley School District,Glen Mills,Delaware
Gateway School District,Monroeville,Allegheny
General Mclane School District,Edinboro,Erie
Gettysburg Area School District,Gettysburg,Adams
Gettysburg Montessori Charter School,Gettysburg,Adams
Gillingham Charter School,Pottsville,Schuylkill
Girard School District,Girard,Erie
Glendale School District,Flinton,Cambria
Global Leadership Academy Cs,Philadelphia,Philadelphia
Governor Mifflin School District,Shillington,Berks
Graystone Academy Cs,Coatesville,Chester
Great Valley School District,Malvern,Chester
Greater Altoona Career And Technical Center,Altoona,Blair
Greater Johnstown Career And Technical Center,Johnstown,Cambria
Greater Johnstown School District,Johnstown,Cambria
Greater Latrobe School District,Latrobe,Westmoreland
Greater Nanticoke Area School District,Nanticoke,Luzerne
Green Woods Cs,Philadelphia,Philadelphia
Greencastle-Antrim School District,Greencastle,Franklin
Greene County Career And Technical Center,Waynesburg,Greene
Greensburg Salem School District,Greensburg,Westmoreland
Greenville Area School District,Greenville,Mercer
Greenwood School District,Millerstown,Perry
Grove City Area School District,Grove City,Mercer
Halifax Area School District,Halifax,Dauphin
Hamburg Area School District,Hamburg,Berks
Hampton Township School District,Allison Park,Allegheny
Hanover Area School District,Hanover Township,Luzerne
Hanover Public School District,Hanover,York
Harbor Creek School District,Harborcreek,Erie
Hardy Williams Academy Cs,Philadelphia,Philadelphia
Harmony Area School District,Westover,Clearfield
Harrisburg City School District,Harrisburg,Dauphin
Hatboro-Horsham School District,Horsham,Montgomery
Haverford Township School District,Havertown,Delaware
Hazleton Area Career Center,Hazle Twp,Luzerne
Hazleton Area School District,Hazle Twp,Luzerne
Helen Thackston Charter School,York,York
Hempfield School District,Landisville,Lancaster
Hempfield Area School District,Greensburg,Westmoreland
Hermitage School District,Hermitage,Mercer
Highlands School District,Natrona Heights,Allegheny
Hollidaysburg Area School District,Hollidaysburg,Blair
Homer-Center School District,Homer City,Indiana
Hope Cs,Philadelphia,Philadelphia
Hope For Hyndman Cs,Hyndman,Bedford
Hopewell Area School District,Aliquippa,Beaver
Howard Gardner Multiple Intelligence Cs,Scranton,Lackawanna
Huntingdon Area School District,Huntingdon,Huntingdon
Huntingdon County Career And Technical Center,Mill Creek,Huntingdon
I-Lead Charter School,Reading,Berks
Imani Education Circle Cs,Philadelphia,Philadelphia
Imhotep Institute Chs,Philadelphia,Philadelphia
Independence Charter School,Philadelphia,Philadelphia
Indiana Area School District,Indiana,Indiana
Indiana County Technology Center,Indiana,Indiana
Infinity Cs,Penbrook,Dauphin
Interboro School District,Prospect Park,Delaware
Iroquois School District,Erie,Erie
Jamestown Area School District,Jamestown,Mercer
Jeannette City School District,Jeannette,Westmoreland
Jefferson County-Dubois Avts School District,Reynoldsville,Jefferson
Jefferson-Morgan School District,Jefferson,Greene
Jenkintown School District,Jenkintown,Montgomery
Jersey Shore Area School District,Jersey Shore,Lycoming
Jim Thorpe Area School District,Jim Thorpe,Carbon
John B Stetson Charter School,Philadelphia,Philadelphia
Johnsonburg Area School District,Johnsonburg,Elk
Juniata County School District,Mifflintown,Juniata
Juniata Valley School District,Alexandria,Huntingdon
Kane Area School District,Kane,Mckean
Karns City Area School District,Karns City,Butler
Kennett Consolidated School District,Kennett Square,Chester
Keystone School District,Knox,Clarion
Keystone Central Career And Technical Center,Mill Hall,Clinton
Keystone Central School District,Mill Hall,Clinton
Keystone Education Center Cs,Greenville,Mercer
Keystone Oaks School District,Pittsburgh,Allegheny
Khepera Cs,Philadelphia,Philadelphia
KIPP Philadelphia Charter School,Philadelphia,Philadelphia
KIPP West Philadelphia Preparatory Charter School,Philadelphia,Philadelphia
Kiski Area School District,Vandergrift,Westmoreland
Kutztown Area School District,Kutztown,Berks
La Academia Partnership Charter School,Lancaster,Lancaster
Laboratory Cs,Bala Cynwyd,Montgomery
Lackawanna Trail School District,Factoryville,Wyoming
Lake-Lehman School District,Dallas,Luzerne
Lakeland School District,Scott Township,Lackawanna
Lakeview School District,Stoneboro,Mercer
Lampeter-Strasburg School District,Lancaster,Lancaster
Lancaster County Academy,Lancaster,Lancaster
Lancaster County Career And Technical Center,Willow Street,Lancaster
Lancaster School District,Lancaster,Lancaster
Laurel Highlands School District,Uniontown,Fayette
Laurel School District,New Castle,Lawrence
Lawrence County Career And Technical Center,New Castle,Lawrence
Lebanon County Career And Technical Center,Lebanon,Lebanon
Lebanon School District,Lebanon,Lebanon
Leechburg Area School District,Leechburg,Armstrong
Lehigh Career & Technical Institute School District,Schnecksville,Lehigh
Lehigh Valley Academy Regional Cs,Bethlehem,Northampton
Lehigh Valley Charter High School For The Arts,Bethlehem,Northampton
Lehigh Valley Dual Language Charter School,Bethlehem,Northampton
Lehighton Area School District,Lehighton,Carbon
Lenape Technical,Ford City,Armstrong
Lewisburg Area School District,Lewisburg,Union
Ligonier Valley School District,Ligonier,Westmoreland
Lincoln Cs,York,York
Lincoln Leadership Academy Charter School,Allentown,Lehigh
Lincoln Park Performing Arts Cs,Midland,Beaver
Line Mountain School District,Herndon,Northumberland
Littlestown Area School District,Littlestown,Adams
Lower Dauphin School District,Hummelstown,Dauphin
Lower Merion School District,Ardmore,Montgomery
Lower Moreland Township School District,Huntingdon Valley,Montgomery
Loyalsock Township School District,Montoursville,Lycoming
Lycoming Career And Technical Center,Hughesville,Lycoming
Mahanoy Area School District,Mahanoy City,Schuylkill
Manchester Academic Cs,Pittsburgh,Allegheny
Manheim Central School District,Manheim,Lancaster
Manheim Township School District,Lancaster,Lancaster
Mariana Bracetti Academy Cs,Philadelphia,Philadelphia
Marion Center Area School District,Marion Center,Indiana
Maritime Academy Charter School,Philadelphia,Philadelphia
Marple Newtown School District,Newtown Square,Delaware
Mars Area School District,Mars,Butler
Mast Community Charter School,Philadelphia,Philadelphia
Mastery Charter High School,Philadelphia,Philadelphia
Mastery Cs - Cleveland Elementary,Philadelphia,Philadelphia
Mastery Cs - Francis D. Pastorius Elementary,Philadelphia,Philadelphia
Mastery Cs-Clymer Elementary,Philadelphia,Philadelphia
Mastery Cs-Gratz Campus,Philadelphia,Philadelphia
Mastery Cs-Harrity Campus,Philadelphia,Philadelphia
Mastery Cs-Mann Campus,Philadelphia,Philadelphia
Mastery Cs-Pickett Campus,Philadelphia,Philadelphia
Mastery Cs-Shoemaker Campus,Philadelphia,Philadelphia
Mastery Cs-Smedley Campus,Philadelphia,Philadelphia
Mastery Cs-Thomas Campus,Philadelphia,Philadelphia
Math Civics And Sciences Cs,Philadelphia,Philadelphia
Mcguffey School District,Claysville,Washington
Mckeesport Area School District,Mc Keesport,Allegheny
Mckeesport Area Technical Ctr,Mckeesport,Allegheny
Mechanicsburg Area School District,Mechanicsburg,Cumberland
Medical Academy Cs,Catasauqua,Lehigh
Memphis Street Academy Cs @ Jp Jones,Philadelphia,Philadelphia
Mercer Area School District,Mercer,Mercer
Mercer County Career Center,Mercer,Mercer
Methacton School District,Eagleville,Montgomery
Meyerschool Districtale Area School District,Meyerschool Districtale,Somerset
Mid Valley School District,Throop,Lackawanna
Midd-West School District,Middleburg,Snyder
Middle Bucks Institute Of Technology School District,Jamison,Bucks
Middletown Area School District,Middletown,Dauphin
Midland Borough School District,Midland,Beaver
Mifflin County School District,Lewistown,Mifflin
Mifflin-Juniata Career And Technical Center,Lewistown,Mifflin
Mifflinburg Area School District,Mifflinburg,Union
Millcreek Township School District,Erie,Erie
Millersburg Area School District,Millersburg,Dauphin
Millville Area School District,Millville,Columbia
Milton Area School District,Milton,Northumberland
Minersville Area School District,Minersville,Schuylkill
Mohawk Area School District,Bessemer,Lawrence
Mon Valley Career And Technical Center,Charleroi,Washington
Monessen City School District,Monessen,Westmoreland
Moniteau School District,West Sunbury,Butler
Monroe Career & Technical Institute,Bartonsville,Monroe
Montessori Regional Cs,Erie,Erie
Montgomery Area School District,Montgomery,Lycoming
Montour School District,Mc Kees Rocks,Allegheny
Montoursville Area School District,Montoursville,Lycoming
Montrose Area School District,Montrose,Susquehanna
Moon Area School District,Moon Township,Allegheny
Morrisville Borough School District,Morrisville,Bucks
Moshannon Valley School District,Houtzdale,Clearfield
Mount Carmel Area School District,Mount Carmel,Northumberland
Mount Pleasant Area School District,Mount Pleasant,Westmoreland
Mount Union Area School District,Mount Union,Huntingdon
Mountain View School District,Kingsley,Susquehanna
Mt Lebanon School District,Pittsburgh,Allegheny
Muhlenberg School District,Laureldale,Berks
Multi-Cultural Academy Cs,Philadelphia,Philadelphia
Muncy School District,Muncy,Lycoming
Nazareth Area School District,Nazareth,Northampton
Neshaminy School District,Langhorne,Bucks
Neshannock Township School District,New Castle,Lawrence
New Brighton Area School District,New Brighton,Beaver
New Castle Area School District,New Castle,Lawrence
New Day Charter School,Huntingdon,Huntingdon
New Foundations Cs,Philadelphia,Philadelphia
New Hope Academy Cs,York,York
New Hope-Solebury School District,New Hope,Bucks
New Kensington-Arnold School District,New Kensington,Westmoreland
New Media Technology Cs,Philadelphia,Philadelphia
Newport School District,Newport,Perry
Nittany Valley Cs,State College,Centre
Norristown Area School District,Norristown,Montgomery
North Allegheny School District,Pittsburgh,Allegheny
North Central Secure Trmnt Unt,Danville,Montour
North Clarion County School District,Tionesta,Forest
North East School District,North East,Erie
North Hills School District,Pittsburgh,Allegheny
North Montco Technical Career Center,Lanschool Districtale,Montgomery
North Penn School District,Lanschool Districtale,Montgomery
North Pocono School District,Moscow,Lackawanna
North Schuylkill School District,Ashland,Schuylkill
North Star School District,Boswell,Somerset
Northampton Area School District,Northampton,Northampton
Northeast Bradford School District,Rome,Bradford
Northeastern York School District,Manchester,York
Northern Bedford County School District,Loysburg,Bedford
Northern Cambria School District,Northern Cambria,Cambria
Northern Lebanon School District,Fredericksburg,Lebanon
Northern Lehigh School District,Slatington,Lehigh
Northern Potter School District,Ulysses,Potter
Northern Tier Career Center,Towanda,Bradford
Northern Tioga School District,Elkland,Tioga
Northern Westmoreland Career And Technical Center,New Kensington,Westmoreland
Northern York County School District,Dillsburg,York
Northgate School District,Pittsburgh,Allegheny
Northumberland County Career And Technical Center,Coal Township,Northumberland
Northwest Area School District,Shickshinny,Luzerne
Northwestern School District,Albion,Erie
Northwestern Lehigh School District,New Tripoli,Lehigh
Northwood Academy Cs,Philadelphia,Philadelphia
Norwin School District,North Huntingdon,Westmoreland
Octorara Area School District,Atglen,Chester
Oil City Area School District,Oil City,Venango
Old Forge School District,Old Forge,Lackawanna
Oley Valley School District,Oley,Berks
Olney Charter High School,Philadelphia,Philadelphia
Oswayo Valley School District,Shinglehouse,Potter
Otto-Eldred School District,Duke Center,Mckean
Owen J Roberts School District,Pottstown,Chester
Oxford Area School District,Oxford,Chester
Pa Learners Online Regional Cyber Cs,Homestead,Allegheny
Palisades School District,Kintnersville,Bucks
Palmerton Area School District,Palmerton,Carbon
Palmyra Area School District,Palmyra,Lebanon
Pan American Academy Cs,Philadelphia,Philadelphia
Panther Valley School District,Lansford,Carbon
Parkland School District,Allentown,Lehigh
Parkway West Career And Technical Center,Oakdale,Allegheny
Pen Argyl Area School District,Pen Argyl,Northampton
Penn Cambria School District,Cresson,Cambria
Penn Hills Charter School For Entrepreneurship,Vernona,Allegheny
Penn Hills School District,Pittsburgh,Allegheny
Penn Manor School District,Lancaster,Lancaster
Penn-Delco School District,Aston,Delaware
Penn-Trafford School District,Harrison City,Westmoreland
Penncrest School District,Saegertown,Crawford
Pennridge School District,Perkasie,Bucks
Penns Manor Area School District,Clymer,Indiana
Penns Valley Area School District,Spring Mills,Centre
Pennsbury School District,Fallsington,Bucks
Pennsylvania Cyber Cs,Midland,Beaver
Pennsylvania Distance Learning Cs,Wexford,Allegheny
Pennsylvania Leadership Charter School,West Chester,Chester
People For People Cs,Philadelphia,Philadelphia
Pequea Valley School District,Kinzers,Lancaster
Perkiomen Valley School District,Collegeville,Montgomery
Perseus House Cs Of Excellence,Erie,Erie
Peters Township School District,Mcmurray,Washington
Philadelphia Academy Cs,Philadelphia,Philadelphia
Philadelphia City School District,Philadelphia,Philadelphia
Philadelphia Electrical & Technical Chs,Philadelphia,Philadelphia
Philadelphia Harambee Institute Cs,Philadelphia,Philadelphia
Philadelphia Montessori Cs,Philadelphia,Philadelphia
Philadelphia Performing Arts Cs,Philadelphia,Philadelphia
Philipsburg-Osceola Area School District,Philipsburg,Clearfield
Phoenixville Area School District,Phoenixville,Chester
Pine Grove Area School District,Pine Grove,Schuylkill
Pine-Richland School District,Gibsonia,Allegheny
Pittsburgh School District,Pittsburgh,Allegheny
Pittston Area School District,Pittston,Luzerne
Planet Abacus Cs,Philadelphia,Philadelphia
Pleasant Valley School District,Brodheadsville,Monroe
Plum Borough School District,Plum,Allegheny
Pocono Mountain Charter School,Tobyhanna,Monroe
Pocono Mountain School District,Swiftwater,Monroe
Port Allegany School District,Port Allegany,Mckean
Portage Area School District,Portage,Cambria
Pottsgrove School District,Pottstown,Montgomery
Pottstown School District,Pottstown,Montgomery
Pottsville Area School District,Pottsville,Schuylkill
Premier Arts And Science Charter School,Harrisburg,Dauphin
Preparatory Cs Of Mathematics Science Technical And Careers,Philadelphia,Philadelphia
Propel Cs-Braddock Hills,Pittsburgh,Allegheny
Propel Cs-East,Turtle Creek,Allegheny
Propel Cs-Homestead,Homestead,Allegheny
Propel Cs-Mckeesport,Mckeesport,Allegheny
Propel Cs-Montour,Pittsburgh,Allegheny
Propel Cs-Northside,Pittsburgh,Allegheny
Propel Cs-Pitcairn,Pittsburgh,Allegheny
Punxsutawney Area School District,Punxsutawney,Jefferson
Purchase Line School District,Commodore,Indiana
Quaker Valley School District,Leetsdale,Allegheny
Quakertown Community School District,Quakertown,Bucks
Radnor Township School District,Wayne,Delaware
Reading Muhlenberg Career And Technical Center,Reading,Berks
Reading School District,Reading,Berks
Red Lion Area School District,Red Lion,York
Redbank Valley School District,New Bethlehem,Clarion
Renaissance Academy Cs,Phoenixville,Chester
Renaissance Charter School,Philadelphia,Philadelphia
Reynolds School District,Greenville,Mercer
Richard Allen Preparatory Cs,Philadelphia,Philadelphia
Richland School District,Johnstown,Cambria
Ridgway Area School District,Ridgway,Elk
Ridley School District,Folsom,Delaware
Ringgold School District,New Eagle,Washington
Riverside Beaver County School District,Ellwood City,Beaver
Riverside School District,Taylor,Lackawanna
Riverview School District,Oakmont,Allegheny
Robert Benjamin Wiley Community Cs,Erie,Erie
Roberto Clemente Cs,Allentown,Lehigh
Rochester Area School District,Rochester,Beaver
Rockwood Area School District,Rockwood,Somerset
Rose Tree Media School District,Media,Delaware
Russell Byers Cs,Philadelphia,Philadelphia
Saint Clair Area School District,Saint Clair,Schuylkill
Saint Marys Area School District,Saint Marys,Elk
Salisbury Township School District,Allentown,Lehigh
Salisbury-Elk Lick School District,Salisbury,Somerset
Sankofa Academy Cs,West Chester,Chester
Sankofa Freedom Academy Charter School,Philadelphia,Philadelphia
Saucon Valley School District,Hellertown,Northampton
Sayre Area School District,Sayre,Bradford
School Lane Cs,Bensalem,Bucks
Schuylkill Haven Area School District,Schuylkill Haven,Schuylkill
Schuylkill Technology Centers,Mar Lin,Schuylkill
Schuylkill Valley School District,Leesport,Berks
Scranton School District,Scranton,Lackawanna
Selinsgrove Area School District,Selinsgrove,Snyder
Seneca Highlands Career And Technical Center,Port Allegany,Mckean
Seneca Valley School District,Harmony,Butler
Seven Generations Charter School,Emmaus,Lehigh
Shade-Central City School District,Cairnbrook,Somerset
Shaler Area School District,Glenshaw,Allegheny
Shamokin Area School District,Coal Township,Northumberland
Shanksville-Stonycreek School District,Shanksville,Somerset
Sharon City School District,Sharon,Mercer
Sharpsville Area School District,Sharpsville,Mercer
Shenandoah Valley School District,Shenandoah,Schuylkill
Shenango Area School District,New Castle,Lawrence
Shikellamy School District,Sunbury,Northumberland
Shippensburg Area School District,Shippensburg,Franklin
Slippery Rock Area School District,Slippery Rock,Butler
Smethport Area School District,Smethport,Mckean
Solanco School District,Quarryville,Lancaster
Solomon Charter School Inc.,Philadelphia,Philadelphia
Somerset Area School District,Somerset,Somerset
Somerset County Technology Center,Somerset,Somerset
Souderton Area School District,Souderton,Montgomery
Souderton Cs Collaborative,Souderton,Montgomery
South Allegheny School District,Mc Keesport,Allegheny
South Butler County School District,Saxonburg,Butler
South Eastern School District,Fawn Grove,York
South Fayette Township School District,Mcdonald,Allegheny
South Middleton School District,Boiling Springs,Cumberland
South Mountain Secure Trmnt Un School District,South Mountain,Franklin
South Park School District,South Park,Allegheny
South Side Area School District,Hookstown,Beaver
South Western School District,Hanover,York
South Williamsport Area School District,South Williamsport,Lycoming
Southeast Delco School District,Folcroft,Delaware
Southeastern Greene School District,Greensboro,Greene
Southern Columbia Area School District,Catawissa,Columbia
Southern Fulton School District,Warfordsburg,Fulton
Southern Huntingdon County School District,Three Springs,Huntingdon
Southern Lehigh School District,Center Valley,Lehigh
Southern Tioga School District,Blossburg,Tioga
Southern York County School District,Glen Rock,York
Southmoreland School District,Scottdale,Westmoreland
Southwest Leadership Academy Cs,Philadelphia,Philadelphia
Spectrum Cs,Monroeville,Allegheny
Spring Cove School District,Roaring Spring,Blair
Spring Grove Area School District,Spring Grove,York
Spring-Ford Area School District,Royersford,Montgomery
Springfield School District,Springfield,Delaware
Springfield Township School District,Oreland,Montgomery
State College Area School District,State College,Centre
Steel Center Avts,Jefferson Hills,Allegheny
Steel Valley School District,Munhall,Allegheny
Steelton-Highspire School District,Steelton,Dauphin
Sto-Rox School District,Mckees Rocks,Allegheny
Stone Valley Community Cs,Huntingdon,Huntingdon
Stroudsburg Area School District,Stroudsburg,Monroe
Sugar Valley Rural Cs,Loganton,Clinton
Sullivan County School District,Laporte,Sullivan
Sun Area Technical Institute School District,New Berlin,Union
Susq-Cyber Cs,Bloomsburg,Columbia
Susquehanna Community School District,Susquehanna,Susquehanna
Susquehanna County Career And Technical Center,Dimock,Susquehanna
Susquehanna Township School District,Harrisburg,Dauphin
Susquenita School District,Duncannon,Perry
Sylvan Heights Science Cs,Harrisburg,Dauphin
Tacony Academy Charter School,Philadelphia,Philadelphia
Tamaqua Area School District,Tamaqua,Schuylkill
The Philadelphia Cs For Arts And Sciences At Hr Edmunds,Philadelphia,Philadelphia
Tidioute Community Cs,Tidioute,Warren
Titusville Area School District,Titusville,Crawford
Towanda Area School District,Towanda,Bradford
Tredyffrin-Easttown School District,Wayne,Chester
Tri-Valley School District,Valley View,Schuylkill
Trinity Area School District,Washington,Washington
Troy Area School District,Troy,Bradford
Truebright Science Academy Cs,Philadelphia,Philadelphia
Tulpehocken Area School District,Bethel,Berks
Tunkhannock Area School District,Tunkhannock,Wyoming
Turkeyfoot Valley Area School District,Confluence,Somerset
Tuscarora School District,Mercersburg,Franklin
Tussey Mountain School District,Saxton,Bedford
Twin Valley School District,Elverson,Berks
Tyrone Area School District,Tyrone,Blair
Union Area School District,New Castle,Lawrence
Union City Area School District,Union City,Erie
Union School District,Rimersburg,Clarion
Uniontown Area School District,Uniontown,Fayette
Unionville-Chadds Ford School District,Kennett Square,Chester
United School District,Armagh,Indiana
Universal Alcorn Cs,Philadelphia,Philadelphia
Universal Audenried Charter School,Philadelphia,Philadelphia
Universal Bluford Charter School,Philadelphia,Philadelphia
Universal Creighton Charter School,Philadelphia,Philadelphia
Universal Daroff Charter School,Philadelphia,Philadelphia
Universal Institute Cs,Philadelphia,Philadelphia
Universal Vare Charter School,Philadelphia,Philadelphia
Upper Adams School District,Biglerville,Adams
Upper Bucks County Technical School District,Perkasie,Bucks
Upper Darby School District,Drexel Hill,Delaware
Upper Dauphin Area School District,Lykens,Dauphin
Upper Dublin School District,Maple Glen,Montgomery
Upper Merion Area School District,King Of Prussia,Montgomery
Upper Moreland Township School District,Willow Grove,Montgomery
Upper Perkiomen School District,Pennsburg,Montgomery
Upper Saint Clair School District,Pittsburgh,Allegheny
Urban League Of Greater Pittsburgh Cs,Pittsburgh,Allegheny
Urban Pathways 6-12 Cs,Pittsburgh,Allegheny
Urban Pathways K-5 College Charter School,Pittsburgh,Allegheny
Valley Grove School District,Franklin,Venango
Valley View School District,Archbald,Lackawanna
Venango Technology Center,Oil City,Venango
Vida Charter School,Gettysburg,Adams
Wakisha Cs,Philadelphia,Philadelphia
Wallenpaupack Area School District,Hawley,Pike
Wallingford-Swarthmore School District,Wallingford,Delaware
Walter D Palmer Leadership Learning Partners Cs,Philadelphia,Philadelphia
Warren County Avts School District,Warren,Warren
Warren County School District,Warren,Warren
Warrior Run School District,Turbotville,Northumberland
Warwick School District,Lititz,Lancaster
Washington School District,Washington,Washington
Wattsburg Area School District,Erie,Erie
Wayne Highlands School District,Honeschool Districtale,Wayne
Waynesboro Area School District,Waynesboro,Franklin
Weatherly Area School District,Weatherly,Carbon
Wellsboro Area School District,Wellsboro,Tioga
West Allegheny School District,Oakdale,Allegheny
West Branch Area School District,Morrischool Districtale,Clearfield
West Chester Area School District,West Chester,Chester
West Greene School District,Waynesburg,Greene
West Jefferson Hills School District,Jefferson Hills,Allegheny
West Middlesex Area School District,West Middlesex,Mercer
West Mifflin Area School District,West Mifflin,Allegheny
West Oak Lane Cs,Philadelphia,Philadelphia
West Perry School District,Elliottsburg,Perry
West Phila. Achievement Ces,Philadelphia,Philadelphia
West Shore School District,Lewisberry,York
West Side Career And Technical Center,Kingston,Luzerne
West York Area School District,York,York
Western Area Career And Technical Center,Canonsburg,Washington
Western Beaver County School District,Midland,Beaver
Western Montgomery Career And Technical Center,Limerick,Montgomery
Western Wayne School District,Lake Ariel,Wayne
Westmont Hilltop School District,Johnstown,Cambria
Whitehall-Coplay School District,Whitehall,Lehigh
Widener Partnership Cs,Chester,Delaware
Wilkes-Barre Area Career And Technical Center,Wilkes-Barre,Luzerne
Wilkes-Barre Area School District,Wilkes Barre,Luzerne
Wilkinsburg Borough School District,Wilkinsburg,Allegheny
William Penn School District,Lansdowne,Delaware
Williams Valley School District,Tower City,Schuylkill
Williamsburg Community School District,Williamsburg,Blair
Williamsport Area School District,Williamsport,Lycoming
Wilmington Area School District,New Wilmington,Lawrence
Wilson School District,West Lawn,Berks
Wilson Area School District,Easton,Northampton
Windber Area School District,Windber,Somerset
Wissahickon Cs,Philadelphia,Philadelphia
Wissahickon School District,Ambler,Montgomery
Wonderland Cs,State College,Centre
Woodland Hills School District,Pittsburgh,Allegheny
World Communications Cs,Philadelphia,Philadelphia
Wyalusing Area School District,Wyalusing,Bradford
Wyoming Area School District,Exeter,Luzerne
Wyoming Valley West School District,Kingston,Luzerne
Wyomissing Area School District,Wyomissing,Berks
York Academy Regional Charter School,York,York
York City School District,York,York
York County School Of Technology,York,York
York Suburban School District,York,York
Yough School District,Herminie,Westmoreland
Young Scholars Cs,Philadelphia,Philadelphia
Young Scholars Frederick Douglas Charter School,Philadelphia,Philadelphia
Young Scholars Kenderton Cs,Philadelphia,Philadelphia
Young Scholars Of Central Pa Cs,State College,Centre
Young Scholars Of Western Pennsylvania Cs,Pittsburgh,Allegheny
Youth Build Phila Cs,Philadelphia,Philadelphia
Youth Forestry Camp #3,James Creek,Huntingdon
,,
,,
,,
,,
,,
,,
,,
,,
,,
,,
,,
,,
,,
,,
,,
,,
,,
,,
,,
,,
,,
,,
,,
,,
,,
,,
,,
,,
,,
,,
,,
,,
,,
,,
,,
,,
,,
,,
,,
,,
,,
,,
,,
,,
,,
,,
,,
,,
,,
,,
,,
,,
,,
,,
,,
,,
,,
,,
,,
,,
,,
,,
,,
,,
,,
,,
,,
,,
,,
,,
,,
,,
,,
,,
,,
,,
,,
,,
,,
,,
,,
,,
,,
,,
,,
,,
,,
,,
,,
,,
,,
,,
,,
,,
,,
,,
,,
,,
,,
,,
,,
,,
,,
,,
,,
,,
,,
,,
,,
,,
,,
,,
,,
,,
,,
,,
,,
,,
,,
,,
,,
,,
,,
,,
,,
,,
,,
,,
,,
,,
,,
,,
,,
,,
,,
,,
,,
,,
,,
,,
,,
,,
,,
,,
,,
,,
,,
,,
,,
,,
,,
,,
,,
,,
,,
,,
,,
,,
,,
,,
,,
,,
,,
,,
,,
,,
,,
,,
,,
,,
,,
,,
,,
,,
,,
,,
,,
,,
,,
,,
,,
,,
,,
,,
,,
,,
,,
,,
,,
,,
,,
,,
,,
,,
,,
,,
,,
,,
,,
,,
,,
,,
,,
,,
,,
,,
,,
,,
,,
,,
,,
,,
,,
,,
,,
,,
,,
,,
,,
,,
,,
,,
,,
,,
,,
,,
,,
,,
,,
,,
,,
,,
,,
,,
,,
,,
,,
,,
,,
,,
,,
,,
,,
,,
,,
,,
,,
,,
,,
,,
,,
,,
,,
,,
,,
,,
,,
,,
,,
,,
,,
,,
,,
,,
,,
,,
,,
,,
,,
,,
,,
,,
,,
,,
,,
,,
,,
,,
,,
,,
,,
,,
,,
,,
,,
,,
,,
,,
,,
,,
,,
,,
,,
,,
,,
,,
,,
,,
,,
,,
,,
,,
,,
,,
,,
,,
,,
,,
,,
,,
,,
,,
,,
,,
,,
,,
,,
,,
,,
,,
,,
,,
,,
,,
,,
,,
,,
,,
,,
